epoch,time,train/box_loss,train/cls_loss,train/dfl_loss,metrics/precision(B),metrics/recall(B),metrics/mAP50(B),metrics/mAP50-95(B),val/box_loss,val/cls_loss,val/dfl_loss,lr/pg0,lr/pg1,lr/pg2
1,53.23,0.84073,1.5451,1.25116,0.85813,0.81468,0.84828,0.59315,1.07969,1.18653,1.34951,0.0700647,0.00332615,0.00332615
2,106.896,0.77376,0.98628,1.18019,0.92339,0.82877,0.9026,0.66743,0.99464,0.87566,1.25264,0.0367682,0.00336304,0.00336304
